year,state,winner,party,winVotes,totalVotes,runnerUp,ruParty,ruVotes,rawMargin,decMargin
2000,Alabama,"Bush, George W.",republican,941173,1666272,"Gore, Al",democrat,692611,248562,0.1491725240536959
2000,Alabama,"Bush, George W.",republican,941173,1666272,"Gore, Al",democrat,692611,248562,0.1491725240536959
2004,Alabama,"Bush, George W.",republican,1176394,1883415,"Kerry, John",democrat,693933,482461,0.256162874353236
2004,Alabama,"Bush, George W.",republican,1176394,1883415,"Kerry, John",democrat,693933,482461,0.256162874353236
2008,Alabama,"McCain, John",republican,1266546,2099819,"Obama, Barack H.",democrat,813479,453067,0.2157647873459569
2008,Alabama,"McCain, John",republican,1266546,2099819,"Obama, Barack H.",democrat,813479,453067,0.2157647873459569
2012,Alabama,"Romney, Mitt",republican,1255925,2074338,"Obama, Barack H.",democrat,795696,460229,0.22186789231070347
2012,Alabama,"Romney, Mitt",republican,1255925,2074338,"Obama, Barack H.",democrat,795696,460229,0.22186789231070347
2016,Alabama,"Trump, Donald J.",republican,1318255,2123372,"Clinton, Hillary",democrat,729547,588708,0.27725146606435425
2016,Alabama,"Trump, Donald J.",republican,1318255,2123372,"Clinton, Hillary",democrat,729547,588708,0.27725146606435425
2000,Alaska,"Bush, George W.",republican,167398,285560,"Gore, Al",democrat,79004,88394,0.3095461549236588
2000,Alaska,"Bush, George W.",republican,167398,285560,"Gore, Al",democrat,79004,88394,0.3095461549236588
2004,Alaska,"Bush, George W.",republican,190889,312598,"Kerry, John",democrat,111025,79864,0.2554846800043506
2004,Alaska,"Bush, George W.",republican,190889,312598,"Kerry, John",democrat,111025,79864,0.2554846800043506
2008,Alaska,"McCain, John",republican,193841,326197,"Obama, Barack H.",democrat,123594,70247,0.21535145939416983
2008,Alaska,"McCain, John",republican,193841,326197,"Obama, Barack H.",democrat,123594,70247,0.21535145939416983
2012,Alaska,"Romney, Mitt",republican,164676,300495,"Obama, Barack H.",democrat,122640,42036,0.13988918284830032
2012,Alaska,"Romney, Mitt",republican,164676,300495,"Obama, Barack H.",democrat,122640,42036,0.13988918284830032
2016,Alaska,"Trump, Donald J.",republican,163387,318608,"Clinton, Hillary",democrat,116454,46933,0.14730640787425298
2016,Alaska,"Trump, Donald J.",republican,163387,318608,"Clinton, Hillary",democrat,116454,46933,0.14730640787425298
2000,Arizona,"Bush, George W.",republican,781652,1532016,"Gore, Al",democrat,685341,96311,0.06286553143048113
2000,Arizona,"Bush, George W.",republican,781652,1532016,"Gore, Al",democrat,685341,96311,0.06286553143048113
2004,Arizona,"Bush, George W.",republican,1104294,2012585,"Kerry, John",democrat,893524,210770,0.10472601157218203
2004,Arizona,"Bush, George W.",republican,1104294,2012585,"Kerry, John",democrat,893524,210770,0.10472601157218203
2008,Arizona,"McCain, John",republican,1230111,2293475,"Obama, Barack H.",democrat,1034707,195404,0.08519996947862962
2008,Arizona,"McCain, John",republican,1230111,2293475,"Obama, Barack H.",democrat,1034707,195404,0.08519996947862962
2012,Arizona,"Romney, Mitt",republican,1233654,2299254,"Obama, Barack H.",democrat,1025232,208422,0.09064766224175319
2012,Arizona,"Romney, Mitt",republican,1233654,2299254,"Obama, Barack H.",democrat,1025232,208422,0.09064766224175319
2016,Arizona,"Trump, Donald J.",republican,1252401,2573165,"Clinton, Hillary",democrat,1161167,91234,0.035455946276278405
2016,Arizona,"Trump, Donald J.",republican,1252401,2573165,"Clinton, Hillary",democrat,1161167,91234,0.035455946276278405
2000,Arkansas,"Bush, George W.",republican,472940,921781,"Gore, Al",democrat,422768,50172,0.05442941436197973
2000,Arkansas,"Bush, George W.",republican,472940,921781,"Gore, Al",democrat,422768,50172,0.05442941436197973
2004,Arkansas,"Bush, George W.",republican,572898,1054945,"Kerry, John",democrat,469953,102945,0.09758328633246288
2004,Arkansas,"Bush, George W.",republican,572898,1054945,"Kerry, John",democrat,469953,102945,0.09758328633246288
2008,Arkansas,"McCain, John",republican,638017,1086617,"Obama, Barack H.",democrat,422310,215707,0.19851244734805362
2008,Arkansas,"McCain, John",republican,638017,1086617,"Obama, Barack H.",democrat,422310,215707,0.19851244734805362
2012,Arkansas,"Romney, Mitt",republican,647744,1069468,"Obama, Barack H.",democrat,394409,253335,0.23687945782389008
2012,Arkansas,"Romney, Mitt",republican,647744,1069468,"Obama, Barack H.",democrat,394409,253335,0.23687945782389008
2016,Arkansas,"Trump, Donald J.",republican,684872,1130635,"Clinton, Hillary",democrat,380494,304378,0.2692097803446736
2016,Arkansas,"Trump, Donald J.",republican,684872,1130635,"Clinton, Hillary",democrat,380494,304378,0.2692097803446736
2000,California,"Gore, Al",democrat,5861203,10965822,"Bush, George W.",republican,4567429,1293774,0.11798240022499001
2000,California,"Gore, Al",democrat,5861203,10965822,"Bush, George W.",republican,4567429,1293774,0.11798240022499001
2004,California,"Kerry, John",democrat,6745485,12421353,"Bush, George W.",republican,5509826,1235659,0.09947861557432591
2004,California,"Kerry, John",democrat,6745485,12421353,"Bush, George W.",republican,5509826,1235659,0.09947861557432591
2008,California,"Obama, Barack H.",democrat,8274473,13561900,"McCain, John",republican,5011781,3262692,0.24057779514669775
2008,California,"Obama, Barack H.",democrat,8274473,13561900,"McCain, John",republican,5011781,3262692,0.24057779514669775
2012,California,"Obama, Barack H.",democrat,7854285,13038547,"Romney, Mitt",republican,4839958,3014327,0.2311858062098484
2012,California,"Obama, Barack H.",democrat,7854285,13038547,"Romney, Mitt",republican,4839958,3014327,0.2311858062098484
2016,California,"Clinton, Hillary",democrat,8753788,14181595,"Trump, Donald J.",republican,4483810,4269978,0.3010929306611845
2016,California,"Clinton, Hillary",democrat,8753788,14181595,"Trump, Donald J.",republican,4483810,4269978,0.3010929306611845
2000,Colorado,"Bush, George W.",republican,883748,1741368,"Gore, Al",democrat,738227,145521,0.08356705762366146
2000,Colorado,"Bush, George W.",republican,883748,1741368,"Gore, Al",democrat,738227,145521,0.08356705762366146
2004,Colorado,"Bush, George W.",republican,1101255,2129630,"Kerry, John",democrat,1001732,99523,0.046732531003038036
2004,Colorado,"Bush, George W.",republican,1101255,2129630,"Kerry, John",democrat,1001732,99523,0.046732531003038036
2008,Colorado,"Obama, Barack H.",democrat,1288576,2401361,"McCain, John",republican,1073589,214987,0.08952714731354428
2008,Colorado,"Obama, Barack H.",democrat,1288576,2401361,"McCain, John",republican,1073589,214987,0.08952714731354428
2012,Colorado,"Obama, Barack H.",democrat,1323101,2569516,"Romney, Mitt",republican,1185243,137858,0.05365134912567193
2012,Colorado,"Obama, Barack H.",democrat,1323101,2569516,"Romney, Mitt",republican,1185243,137858,0.05365134912567193
2016,Colorado,"Clinton, Hillary",democrat,1338870,2780220,"Trump, Donald J.",republican,1202484,136386,0.049055830114163645
2016,Colorado,"Clinton, Hillary",democrat,1338870,2780220,"Trump, Donald J.",republican,1202484,136386,0.049055830114163645
2000,Connecticut,"Gore, Al",democrat,816015,1459525,"Bush, George W.",republican,561094,254921,0.17466024905363048
2000,Connecticut,"Gore, Al",democrat,816015,1459525,"Bush, George W.",republican,561094,254921,0.17466024905363048
2004,Connecticut,"Kerry, John",democrat,857488,1578769,"Bush, George W.",republican,693826,163662,0.10366431061162212
2004,Connecticut,"Kerry, John",democrat,857488,1578769,"Bush, George W.",republican,693826,163662,0.10366431061162212
2008,Connecticut,"Obama, Barack H.",democrat,997772,1646792,"McCain, John",republican,629428,368344,0.22367366370494873
2008,Connecticut,"Obama, Barack H.",democrat,997772,1646792,"McCain, John",republican,629428,368344,0.22367366370494873
2012,Connecticut,"Obama, Barack H.",democrat,905083,1558204,"Romney, Mitt",republican,634892,270191,0.17339899011939386
2012,Connecticut,"Obama, Barack H.",democrat,905083,1558204,"Romney, Mitt",republican,634892,270191,0.17339899011939386
2016,Connecticut,"Clinton, Hillary",democrat,897572,1644920,"Trump, Donald J.",republican,673215,224357,0.1363938671789509
2016,Connecticut,"Clinton, Hillary",democrat,897572,1644920,"Trump, Donald J.",republican,673215,224357,0.1363938671789509
2000,Delaware,"Gore, Al",democrat,180068,327529,"Bush, George W.",republican,137288,42780,0.13061438834423827
2000,Delaware,"Gore, Al",democrat,180068,327529,"Bush, George W.",republican,137288,42780,0.13061438834423827
2004,Delaware,"Kerry, John",democrat,200152,375190,"Bush, George W.",republican,171660,28492,0.07594019030357957
2004,Delaware,"Kerry, John",democrat,200152,375190,"Bush, George W.",republican,171660,28492,0.07594019030357957
2008,Delaware,"Obama, Barack H.",democrat,255459,412412,"McCain, John",republican,152374,103085,0.2499563543252864
2008,Delaware,"Obama, Barack H.",democrat,255459,412412,"McCain, John",republican,152374,103085,0.2499563543252864
2012,Delaware,"Obama, Barack H.",democrat,242584,413890,"Romney, Mitt",republican,165484,77100,0.18628137911039166
2012,Delaware,"Obama, Barack H.",democrat,242584,413890,"Romney, Mitt",republican,165484,77100,0.18628137911039166
2016,Delaware,"Clinton, Hillary",democrat,235603,441590,"Trump, Donald J.",republican,185127,50476,0.11430512466314913
2016,Delaware,"Clinton, Hillary",democrat,235603,441590,"Trump, Donald J.",republican,185127,50476,0.11430512466314913
2000,District of Columbia,"Gore, Al",democrat,171923,201894,"Bush, George W.",republican,18073,153850,0.7620335423539085
2000,District of Columbia,"Gore, Al",democrat,171923,201894,"Bush, George W.",republican,18073,153850,0.7620335423539085
2004,District of Columbia,"Kerry, John",democrat,202970,227586,"Bush, George W.",republican,21256,181714,0.7984410288857838
2004,District of Columbia,"Kerry, John",democrat,202970,227586,"Bush, George W.",republican,21256,181714,0.7984410288857838
2008,District of Columbia,"Obama, Barack H.",democrat,245800,265853,"McCain, John",republican,17367,228433,0.8592455229017539
2008,District of Columbia,"Obama, Barack H.",democrat,245800,265853,"McCain, John",republican,17367,228433,0.8592455229017539
2012,District of Columbia,"Obama, Barack H.",democrat,267070,293764,"Romney, Mitt",republican,21381,245689,0.8363482251058673
2012,District of Columbia,"Obama, Barack H.",democrat,267070,293764,"Romney, Mitt",republican,21381,245689,0.8363482251058673
2016,District of Columbia,"Clinton, Hillary",democrat,282830,312575,"Trump, Donald J.",republican,12723,270107,0.8641350075981764
2016,District of Columbia,"Clinton, Hillary",democrat,282830,312575,"Trump, Donald J.",republican,12723,270107,0.8641350075981764
2000,Florida,"Bush, George W.",republican,2912790,5963110,"Gore, Al",democrat,2912253,537,9.00536800428342e-05
2000,Florida,"Bush, George W.",republican,2912790,5963110,"Gore, Al",democrat,2912253,537,9.00536800428342e-05
2004,Florida,"Bush, George W.",republican,3964522,7609810,"Kerry, John",democrat,3583544,380978,0.05006406204622721
2004,Florida,"Bush, George W.",republican,3964522,7609810,"Kerry, John",democrat,3583544,380978,0.05006406204622721
2008,Florida,"Obama, Barack H.",democrat,4282074,8390744,"McCain, John",republican,4045624,236450,0.028179861046886856
2008,Florida,"Obama, Barack H.",democrat,4282074,8390744,"McCain, John",republican,4045624,236450,0.028179861046886856
2012,Florida,"Obama, Barack H.",democrat,4237756,8474179,"Romney, Mitt",republican,4163447,74309,0.00876887306723162
2012,Florida,"Obama, Barack H.",democrat,4237756,8474179,"Romney, Mitt",republican,4163447,74309,0.00876887306723162
2016,Florida,"Trump, Donald J.",republican,4617886,9420039,"Clinton, Hillary",democrat,4504975,112911,0.011986256107856863
2016,Florida,"Trump, Donald J.",republican,4617886,9420039,"Clinton, Hillary",democrat,4504975,112911,0.011986256107856863
2000,Georgia,"Bush, George W.",republican,1419720,2583208,"Gore, Al",democrat,1116230,303490,0.11748569995137825
2000,Georgia,"Bush, George W.",republican,1419720,2583208,"Gore, Al",democrat,1116230,303490,0.11748569995137825
2004,Georgia,"Bush, George W.",republican,1914254,3301875,"Kerry, John",democrat,1366149,548105,0.16599810713609692
2004,Georgia,"Bush, George W.",republican,1914254,3301875,"Kerry, John",democrat,1366149,548105,0.16599810713609692
2008,Georgia,"McCain, John",republican,2048759,3924486,"Obama, Barack H.",democrat,1844123,204636,0.052143388968644566
2008,Georgia,"McCain, John",republican,2048759,3924486,"Obama, Barack H.",democrat,1844123,204636,0.052143388968644566
2012,Georgia,"Romney, Mitt",republican,2078688,3897839,"Obama, Barack H.",democrat,1773827,304861,0.0782128251064243
2012,Georgia,"Romney, Mitt",republican,2078688,3897839,"Obama, Barack H.",democrat,1773827,304861,0.0782128251064243
2016,Georgia,"Trump, Donald J.",republican,2089104,4114732,"Clinton, Hillary",democrat,1877963,211141,0.05131342697410185
2016,Georgia,"Trump, Donald J.",republican,2089104,4114732,"Clinton, Hillary",democrat,1877963,211141,0.05131342697410185
2000,Hawaii,"Gore, Al",democrat,205286,367951,"Bush, George W.",republican,137845,67441,0.18328799215112884
2000,Hawaii,"Gore, Al",democrat,205286,367951,"Bush, George W.",republican,137845,67441,0.18328799215112884
2004,Hawaii,"Kerry, John",democrat,231708,429013,"Bush, George W.",republican,194191,37517,0.08744956446541247
2004,Hawaii,"Kerry, John",democrat,231708,429013,"Bush, George W.",republican,194191,37517,0.08744956446541247
2008,Hawaii,"Obama, Barack H.",democrat,325871,456064,"McCain, John",republican,120566,205305,0.4501670818130788
2008,Hawaii,"Obama, Barack H.",democrat,325871,456064,"McCain, John",republican,120566,205305,0.4501670818130788
2012,Hawaii,"Obama, Barack H.",democrat,306658,437159,"Romney, Mitt",republican,121015,185643,0.4246578476023598
2012,Hawaii,"Obama, Barack H.",democrat,306658,437159,"Romney, Mitt",republican,121015,185643,0.4246578476023598
2016,Hawaii,"Clinton, Hillary",democrat,266891,437664,"Trump, Donald J.",republican,128847,138044,0.31541090882503475
2016,Hawaii,"Clinton, Hillary",democrat,266891,437664,"Trump, Donald J.",republican,128847,138044,0.31541090882503475
2000,Idaho,"Bush, George W.",republican,336937,501615,"Gore, Al",democrat,138637,198300,0.39532310636643647
2000,Idaho,"Bush, George W.",republican,336937,501615,"Gore, Al",democrat,138637,198300,0.39532310636643647
2004,Idaho,"Bush, George W.",republican,409235,598376,"Kerry, John",democrat,181098,228137,0.38126027781862903
2004,Idaho,"Bush, George W.",republican,409235,598376,"Kerry, John",democrat,181098,228137,0.38126027781862903
2008,Idaho,"McCain, John",republican,403012,655122,"Obama, Barack H.",democrat,236440,166572,0.2542610384020076
2008,Idaho,"McCain, John",republican,403012,655122,"Obama, Barack H.",democrat,236440,166572,0.2542610384020076
2012,Idaho,"Romney, Mitt",republican,420911,652274,"Obama, Barack H.",democrat,212787,208124,0.3190744993668305
2012,Idaho,"Romney, Mitt",republican,420911,652274,"Obama, Barack H.",democrat,212787,208124,0.3190744993668305
2016,Idaho,"Trump, Donald J.",republican,409055,690255,"Clinton, Hillary",democrat,189765,219290,0.3176941854821768
2016,Idaho,"Trump, Donald J.",republican,409055,690255,"Clinton, Hillary",democrat,189765,219290,0.3176941854821768
2000,Illinois,"Gore, Al",democrat,2589026,4742108,"Bush, George W.",republican,2019421,569605,0.12011641236344678
2000,Illinois,"Gore, Al",democrat,2589026,4742108,"Bush, George W.",republican,2019421,569605,0.12011641236344678
2004,Illinois,"Kerry, John",democrat,2891550,5274322,"Bush, George W.",republican,2345946,545604,0.10344533382679322
2004,Illinois,"Kerry, John",democrat,2891550,5274322,"Bush, George W.",republican,2345946,545604,0.10344533382679322
2008,Illinois,"Obama, Barack H.",democrat,3419348,5522371,"McCain, John",republican,2031179,1388169,0.2513719197786603
2008,Illinois,"Obama, Barack H.",democrat,3419348,5522371,"McCain, John",republican,2031179,1388169,0.2513719197786603
2012,Illinois,"Obama, Barack H.",democrat,3019512,5242014,"Romney, Mitt",republican,2135216,884296,0.1686939409166019
2012,Illinois,"Obama, Barack H.",democrat,3019512,5242014,"Romney, Mitt",republican,2135216,884296,0.1686939409166019
2016,Illinois,"Clinton, Hillary",democrat,3090729,5536424,"Trump, Donald J.",republican,2146015,944714,0.17063613624968027
2016,Illinois,"Clinton, Hillary",democrat,3090729,5536424,"Trump, Donald J.",republican,2146015,944714,0.17063613624968027
2000,Indiana,"Bush, George W.",republican,1245836,2199302,"Gore, Al",democrat,901980,343856,0.15634778670687333
2000,Indiana,"Bush, George W.",republican,1245836,2199302,"Gore, Al",democrat,901980,343856,0.15634778670687333
2004,Indiana,"Bush, George W.",republican,1479438,2468002,"Kerry, John",democrat,969011,510427,0.20681790371320602
2004,Indiana,"Bush, George W.",republican,1479438,2468002,"Kerry, John",democrat,969011,510427,0.20681790371320602
2008,Indiana,"Obama, Barack H.",democrat,1374039,2751054,"McCain, John",republican,1345648,28391,0.010320044608357393
2008,Indiana,"Obama, Barack H.",democrat,1374039,2751054,"McCain, John",republican,1345648,28391,0.010320044608357393
2012,Indiana,"Romney, Mitt",republican,1420543,2624534,"Obama, Barack H.",democrat,1152887,267656,0.10198229476166054
2012,Indiana,"Romney, Mitt",republican,1420543,2624534,"Obama, Barack H.",democrat,1152887,267656,0.10198229476166054
2016,Indiana,"Trump, Donald J.",republican,1557286,2734958,"Clinton, Hillary",democrat,1033126,524160,0.19165193761659233
2016,Indiana,"Trump, Donald J.",republican,1557286,2734958,"Clinton, Hillary",democrat,1033126,524160,0.19165193761659233
2000,Iowa,"Gore, Al",democrat,638517,1353022,"Bush, George W.",republican,634373,4144,0.003062773554310283
2000,Iowa,"Gore, Al",democrat,638517,1353022,"Bush, George W.",republican,634373,4144,0.003062773554310283
2004,Iowa,"Bush, George W.",republican,751957,1506908,"Kerry, John",democrat,741898,10059,0.0066752582108529634
2004,Iowa,"Bush, George W.",republican,751957,1506908,"Kerry, John",democrat,741898,10059,0.0066752582108529634
2008,Iowa,"Obama, Barack H.",democrat,828940,1537123,"McCain, John",republican,682379,146561,0.0953476071856319
2008,Iowa,"Obama, Barack H.",democrat,828940,1537123,"McCain, John",republican,682379,146561,0.0953476071856319
2012,Iowa,"Obama, Barack H.",democrat,822544,1582180,"Romney, Mitt",republican,730617,91927,0.05810148023612988
2012,Iowa,"Obama, Barack H.",democrat,822544,1582180,"Romney, Mitt",republican,730617,91927,0.05810148023612988
2016,Iowa,"Trump, Donald J.",republican,800983,1565580,"Clinton, Hillary",democrat,653669,147314,0.09409547899181131
2016,Iowa,"Trump, Donald J.",republican,800983,1565580,"Clinton, Hillary",democrat,653669,147314,0.09409547899181131
2000,Kansas,"Bush, George W.",republican,622332,1072216,"Gore, Al",democrat,399276,223056,0.20803270982712435
2000,Kansas,"Bush, George W.",republican,622332,1072216,"Gore, Al",democrat,399276,223056,0.20803270982712435
2004,Kansas,"Bush, George W.",republican,736456,1187756,"Kerry, John",democrat,434993,301463,0.25380886309982864
2004,Kansas,"Bush, George W.",republican,736456,1187756,"Kerry, John",democrat,434993,301463,0.25380886309982864
2008,Kansas,"McCain, John",republican,699655,1235872,"Obama, Barack H.",democrat,514765,184890,0.14960287149478269
2008,Kansas,"McCain, John",republican,699655,1235872,"Obama, Barack H.",democrat,514765,184890,0.14960287149478269
2012,Kansas,"Romney, Mitt",republican,692634,1159971,"Obama, Barack H.",democrat,440726,251908,0.21716749815297104
2012,Kansas,"Romney, Mitt",republican,692634,1159971,"Obama, Barack H.",democrat,440726,251908,0.21716749815297104
2016,Kansas,"Trump, Donald J.",republican,671018,1184402,"Clinton, Hillary",democrat,427005,244013,0.2060221107360508
2016,Kansas,"Trump, Donald J.",republican,671018,1184402,"Clinton, Hillary",democrat,427005,244013,0.2060221107360508
2000,Kentucky,"Bush, George W.",republican,872520,1544106,"Gore, Al",democrat,638923,233597,0.15128300777278247
2000,Kentucky,"Bush, George W.",republican,872520,1544106,"Gore, Al",democrat,638923,233597,0.15128300777278247
2004,Kentucky,"Bush, George W.",republican,1069439,1795882,"Kerry, John",democrat,712733,356706,0.19862440850790858
2004,Kentucky,"Bush, George W.",republican,1069439,1795882,"Kerry, John",democrat,712733,356706,0.19862440850790858
2008,Kentucky,"McCain, John",republican,1048462,1826620,"Obama, Barack H.",democrat,751985,296477,0.16230907358947128
2008,Kentucky,"McCain, John",republican,1048462,1826620,"Obama, Barack H.",democrat,751985,296477,0.16230907358947128
2012,Kentucky,"Romney, Mitt",republican,1087190,1797212,"Obama, Barack H.",democrat,679370,407820,0.22691813764875823
2012,Kentucky,"Romney, Mitt",republican,1087190,1797212,"Obama, Barack H.",democrat,679370,407820,0.22691813764875823
2016,Kentucky,"Trump, Donald J.",republican,1202971,1924149,"Clinton, Hillary",democrat,628854,574117,0.2983745021825233
2016,Kentucky,"Trump, Donald J.",republican,1202971,1924149,"Clinton, Hillary",democrat,628854,574117,0.2983745021825233
2000,Louisiana,"Bush, George W.",republican,927871,1765656,"Gore, Al",democrat,792344,135527,0.07675730719913737
2000,Louisiana,"Bush, George W.",republican,927871,1765656,"Gore, Al",democrat,792344,135527,0.07675730719913737
2004,Louisiana,"Bush, George W.",republican,1102169,1943106,"Kerry, John",democrat,820299,281870,0.1450615663787771
2004,Louisiana,"Bush, George W.",republican,1102169,1943106,"Kerry, John",democrat,820299,281870,0.1450615663787771
2008,Louisiana,"McCain, John",republican,1148275,1960761,"Obama, Barack H.",democrat,782989,365286,0.18629807508411272
2008,Louisiana,"McCain, John",republican,1148275,1960761,"Obama, Barack H.",democrat,782989,365286,0.18629807508411272
2012,Louisiana,"Romney, Mitt",republican,1152262,1994065,"Obama, Barack H.",democrat,809141,343121,0.172071121051721
2012,Louisiana,"Romney, Mitt",republican,1152262,1994065,"Obama, Barack H.",democrat,809141,343121,0.172071121051721
2016,Louisiana,"Trump, Donald J.",republican,1178638,2029032,"Clinton, Hillary",democrat,780154,398484,0.1963911855505483
2016,Louisiana,"Trump, Donald J.",republican,1178638,2029032,"Clinton, Hillary",democrat,780154,398484,0.1963911855505483
2000,Maine,"Gore, Al",democrat,319951,651817,"Bush, George W.",republican,286616,33335,0.051141654789611246
2000,Maine,"Gore, Al",democrat,319951,651817,"Bush, George W.",republican,286616,33335,0.051141654789611246
2004,Maine,"Kerry, John",democrat,396842,740752,"Bush, George W.",republican,330201,66641,0.08996398254746524
2004,Maine,"Kerry, John",democrat,396842,740752,"Bush, George W.",republican,330201,66641,0.08996398254746524
2008,Maine,"Obama, Barack H.",democrat,421923,731163,"McCain, John",republican,295273,126650,0.17321718960067733
2008,Maine,"Obama, Barack H.",democrat,421923,731163,"McCain, John",republican,295273,126650,0.17321718960067733
2012,Maine,"Obama, Barack H.",democrat,401306,724758,"Romney, Mitt",republican,292276,109030,0.1504364215365681
2012,Maine,"Obama, Barack H.",democrat,401306,724758,"Romney, Mitt",republican,292276,109030,0.1504364215365681
2016,Maine,"Clinton, Hillary",democrat,357735,771892,"Trump, Donald J.",republican,335593,22142,0.028685360128100856
2016,Maine,"Clinton, Hillary",democrat,357735,771892,"Trump, Donald J.",republican,335593,22142,0.028685360128100856
2000,Maryland,"Gore, Al",democrat,1144008,2025212,"Bush, George W.",republican,813827,330181,0.1630352772944264
2000,Maryland,"Gore, Al",democrat,1144008,2025212,"Bush, George W.",republican,813827,330181,0.1630352772944264
2004,Maryland,"Kerry, John",democrat,1334493,2384238,"Bush, George W.",republican,1024703,309790,0.12993249834957754
2004,Maryland,"Kerry, John",democrat,1334493,2384238,"Bush, George W.",republican,1024703,309790,0.12993249834957754
2008,Maryland,"Obama, Barack H.",democrat,1629467,2631596,"McCain, John",republican,959862,669605,0.2544482511753323
2008,Maryland,"Obama, Barack H.",democrat,1629467,2631596,"McCain, John",republican,959862,669605,0.2544482511753323
2012,Maryland,"Obama, Barack H.",democrat,1677844,2707327,"Romney, Mitt",republican,971869,705975,0.26076458440373107
2012,Maryland,"Obama, Barack H.",democrat,1677844,2707327,"Romney, Mitt",republican,971869,705975,0.26076458440373107
2016,Maryland,"Clinton, Hillary",democrat,1677928,2781446,"Trump, Donald J.",republican,943169,734759,0.264164395066451
2016,Maryland,"Clinton, Hillary",democrat,1677928,2781446,"Trump, Donald J.",republican,943169,734759,0.264164395066451
2000,Massachusetts,"Gore, Al",democrat,1616487,2733964,"Bush, George W.",republican,878502,737985,0.2699322302707716
2000,Massachusetts,"Gore, Al",democrat,1616487,2733964,"Bush, George W.",republican,878502,737985,0.2699322302707716
2004,Massachusetts,"Kerry, John",democrat,1803800,2927455,"Bush, George W.",republican,1071109,732691,0.2502825833360376
2004,Massachusetts,"Kerry, John",democrat,1803800,2927455,"Bush, George W.",republican,1071109,732691,0.2502825833360376
2008,Massachusetts,"Obama, Barack H.",democrat,1904097,3102995,"McCain, John",republican,1108854,795243,0.2562823981347053
2008,Massachusetts,"Obama, Barack H.",democrat,1904097,3102995,"McCain, John",republican,1108854,795243,0.2562823981347053
2012,Massachusetts,"Obama, Barack H.",democrat,1921290,3184196,"Romney, Mitt",republican,1188314,732976,0.2301918600488161
2012,Massachusetts,"Obama, Barack H.",democrat,1921290,3184196,"Romney, Mitt",republican,1188314,732976,0.2301918600488161
2016,Massachusetts,"Clinton, Hillary",democrat,1995196,3378821,"Trump, Donald J.",republican,1090893,904303,0.2676386230581614
2016,Massachusetts,"Clinton, Hillary",democrat,1995196,3378821,"Trump, Donald J.",republican,1090893,904303,0.2676386230581614
2000,Michigan,"Gore, Al",democrat,2170418,4232501,"Bush, George W.",republican,1953139,217279,0.051335841385507064
2000,Michigan,"Gore, Al",democrat,2170418,4232501,"Bush, George W.",republican,1953139,217279,0.051335841385507064
2004,Michigan,"Kerry, John",democrat,2479183,4839252,"Bush, George W.",republican,2313746,165437,0.034186481712463024
2004,Michigan,"Kerry, John",democrat,2479183,4839252,"Bush, George W.",republican,2313746,165437,0.034186481712463024
2008,Michigan,"Obama, Barack H.",democrat,2872579,5001596,"McCain, John",republican,2048639,823940,0.1647354164550675
2008,Michigan,"Obama, Barack H.",democrat,2872579,5001596,"McCain, John",republican,2048639,823940,0.1647354164550675
2012,Michigan,"Obama, Barack H.",democrat,2564569,4730961,"Romney, Mitt",republican,2115256,449313,0.09497288183098529
2012,Michigan,"Obama, Barack H.",democrat,2564569,4730961,"Romney, Mitt",republican,2115256,449313,0.09497288183098529
2016,Michigan,"Trump, Donald J.",republican,2279543,4799284,"Clinton, Hillary",democrat,2268839,10704,0.00223033269129308
2016,Michigan,"Trump, Donald J.",republican,2279543,4799284,"Clinton, Hillary",democrat,2268839,10704,0.00223033269129308
2000,Minnesota,"Gore, Al",democratic-farmer-labor,1168266,2438685,"Bush, George W.",republican,1109659,58607,0.024032214082589598
2000,Minnesota,"Gore, Al",democratic-farmer-labor,1168266,2438685,"Bush, George W.",republican,1109659,58607,0.024032214082589598
2004,Minnesota,"Kerry, John",democratic-farmer-labor,1445014,2828387,"Bush, George W.",republican,1346695,98319,0.03476150894485086
2004,Minnesota,"Kerry, John",democratic-farmer-labor,1445014,2828387,"Bush, George W.",republican,1346695,98319,0.03476150894485086
2008,Minnesota,"Obama, Barack H.",democrat,1573354,2910369,"McCain, John",republican,1275409,297945,0.1023736165414077
2008,Minnesota,"Obama, Barack H.",democrat,1573354,2910369,"McCain, John",republican,1275409,297945,0.1023736165414077
2012,Minnesota,"Obama, Barack H.",democratic-farmer-labor,1546167,2936561,"Romney, Mitt",republican,1320225,225942,0.07694102046577611
2012,Minnesota,"Obama, Barack H.",democratic-farmer-labor,1546167,2936561,"Romney, Mitt",republican,1320225,225942,0.07694102046577611
2016,Minnesota,"Clinton, Hillary",democrat,1367705,2944782,"Trump, Donald J.",republican,1322949,44756,0.015198408574896238
2016,Minnesota,"Clinton, Hillary",democrat,1367705,2944782,"Trump, Donald J.",republican,1322949,44756,0.015198408574896238
2000,Mississippi,"Bush, George W.",republican,572844,994184,"Gore, Al",democrat,404614,168230,0.16921414949345398
2000,Mississippi,"Bush, George W.",republican,572844,994184,"Gore, Al",democrat,404614,168230,0.16921414949345398
2004,Mississippi,"Bush, George W.",republican,672660,1139824,"Kerry, John",democrat,457766,214894,0.18853261556170076
2004,Mississippi,"Bush, George W.",republican,672660,1139824,"Kerry, John",democrat,457766,214894,0.18853261556170076
2008,Mississippi,"McCain, John",republican,724597,1289865,"Obama, Barack H.",democrat,554662,169935,0.1317463455477899
2008,Mississippi,"McCain, John",republican,724597,1289865,"Obama, Barack H.",democrat,554662,169935,0.1317463455477899
2012,Mississippi,"Romney, Mitt",republican,710746,1285584,"Obama, Barack H.",democrat,562949,147797,0.11496487199591776
2012,Mississippi,"Romney, Mitt",republican,710746,1285584,"Obama, Barack H.",democrat,562949,147797,0.11496487199591776
2016,Mississippi,"Trump, Donald J.",republican,700714,1209357,"Clinton, Hillary",democrat,485131,215583,0.17826249817051543
2016,Mississippi,"Trump, Donald J.",republican,700714,1209357,"Clinton, Hillary",democrat,485131,215583,0.17826249817051543
2000,Missouri,"Bush, George W.",republican,1189924,2359892,"Gore, Al",democrat,1111138,78786,0.033385426112720384
2000,Missouri,"Bush, George W.",republican,1189924,2359892,"Gore, Al",democrat,1111138,78786,0.033385426112720384
2004,Missouri,"Bush, George W.",republican,1455713,2731364,"Kerry, John",democrat,1259171,196542,0.0719574542243363
2004,Missouri,"Bush, George W.",republican,1455713,2731364,"Kerry, John",democrat,1259171,196542,0.0719574542243363
2008,Missouri,"McCain, John",republican,1445814,2925205,"Obama, Barack H.",democrat,1441911,3903,0.001334265461736872
2008,Missouri,"McCain, John",republican,1445814,2925205,"Obama, Barack H.",democrat,1441911,3903,0.001334265461736872
2012,Missouri,"Romney, Mitt",republican,1482440,2757323,"Obama, Barack H.",democrat,1223796,258644,0.09380257590423757
2012,Missouri,"Romney, Mitt",republican,1482440,2757323,"Obama, Barack H.",democrat,1223796,258644,0.09380257590423757
2016,Missouri,"Trump, Donald J.",republican,1594511,2808605,"Clinton, Hillary",democrat,1071068,523443,0.1863711700292494
2016,Missouri,"Trump, Donald J.",republican,1594511,2808605,"Clinton, Hillary",democrat,1071068,523443,0.1863711700292494
2000,Montana,"Bush, George W.",republican,240178,410986,"Gore, Al",democrat,137126,103052,0.25074333432282364
2000,Montana,"Bush, George W.",republican,240178,410986,"Gore, Al",democrat,137126,103052,0.25074333432282364
2004,Montana,"Bush, George W.",republican,266063,450434,"Kerry, John",democrat,173710,92353,0.20503114773751535
2004,Montana,"Bush, George W.",republican,266063,450434,"Kerry, John",democrat,173710,92353,0.20503114773751535
2008,Montana,"McCain, John",republican,242763,490109,"Obama, Barack H.",democrat,231667,11096,0.0226398617450404
2008,Montana,"McCain, John",republican,242763,490109,"Obama, Barack H.",democrat,231667,11096,0.0226398617450404
2012,Montana,"Romney, Mitt",republican,267928,484048,"Obama, Barack H.",democrat,201839,66089,0.13653398010114698
2012,Montana,"Romney, Mitt",republican,267928,484048,"Obama, Barack H.",democrat,201839,66089,0.13653398010114698
2016,Montana,"Trump, Donald J.",republican,279240,494526,"Clinton, Hillary",democrat,177709,101531,0.2053097309342684
2016,Montana,"Trump, Donald J.",republican,279240,494526,"Clinton, Hillary",democrat,177709,101531,0.2053097309342684
2000,Nebraska,"Bush, George W.",republican,433862,697019,"Gore, Al",democrat,231780,202082,0.2899232302132366
2000,Nebraska,"Bush, George W.",republican,433862,697019,"Gore, Al",democrat,231780,202082,0.2899232302132366
2004,Nebraska,"Bush, George W.",republican,512814,778186,"Kerry, John",democrat,254328,258486,0.3321648037872693
2004,Nebraska,"Bush, George W.",republican,512814,778186,"Kerry, John",democrat,254328,258486,0.3321648037872693
2008,Nebraska,"McCain, John",republican,452979,801281,"Obama, Barack H.",democrat,333319,119660,0.1493358759286692
2008,Nebraska,"McCain, John",republican,452979,801281,"Obama, Barack H.",democrat,333319,119660,0.1493358759286692
2012,Nebraska,"Romney, Mitt",republican,475064,794379,"Obama, Barack H.",democrat,302081,172983,0.2177587776111906
2012,Nebraska,"Romney, Mitt",republican,475064,794379,"Obama, Barack H.",democrat,302081,172983,0.2177587776111906
2016,Nebraska,"Trump, Donald J.",republican,495961,844227,"Clinton, Hillary",democrat,284494,211467,0.2504859474999022
2016,Nebraska,"Trump, Donald J.",republican,495961,844227,"Clinton, Hillary",democrat,284494,211467,0.2504859474999022
2000,Nevada,"Bush, George W.",republican,301575,609426,"Gore, Al",democrat,279978,21597,0.03543826485906415
2000,Nevada,"Bush, George W.",republican,301575,609426,"Gore, Al",democrat,279978,21597,0.03543826485906415
2004,Nevada,"Bush, George W.",republican,418690,829587,"Kerry, John",democrat,397190,21500,0.025916510263540804
2004,Nevada,"Bush, George W.",republican,418690,829587,"Kerry, John",democrat,397190,21500,0.025916510263540804
2008,Nevada,"Obama, Barack H.",democrat,533736,967848,"McCain, John",republican,412827,120909,0.12492560815334647
2008,Nevada,"Obama, Barack H.",democrat,533736,967848,"McCain, John",republican,412827,120909,0.12492560815334647
2012,Nevada,"Obama, Barack H.",democrat,531373,1014918,"Romney, Mitt",republican,463567,67806,0.06680933829136931
2012,Nevada,"Obama, Barack H.",democrat,531373,1014918,"Romney, Mitt",republican,463567,67806,0.06680933829136931
2016,Nevada,"Clinton, Hillary",democrat,539260,1125385,"Trump, Donald J.",republican,512058,27202,0.02417128360516624
2016,Nevada,"Clinton, Hillary",democrat,539260,1125385,"Trump, Donald J.",republican,512058,27202,0.02417128360516624
2000,New Hampshire,"Bush, George W.",republican,273559,569081,"Gore, Al",democrat,266348,7211,0.012671306896557766
2000,New Hampshire,"Bush, George W.",republican,273559,569081,"Gore, Al",democrat,266348,7211,0.012671306896557766
2004,New Hampshire,"Kerry, John",democrat,340511,678287,"Bush, George W.",republican,331237,9274,0.013672678379505976
2004,New Hampshire,"Kerry, John",democrat,340511,678287,"Bush, George W.",republican,331237,9274,0.013672678379505976
2008,New Hampshire,"Obama, Barack H.",democrat,384826,710970,"McCain, John",republican,316534,68292,0.09605468585172378
2008,New Hampshire,"Obama, Barack H.",democrat,384826,710970,"McCain, John",republican,316534,68292,0.09605468585172378
2012,New Hampshire,"Obama, Barack H.",democrat,369561,710972,"Romney, Mitt",republican,329918,39643,0.05575887658023099
2012,New Hampshire,"Obama, Barack H.",democrat,369561,710972,"Romney, Mitt",republican,329918,39643,0.05575887658023099
2016,New Hampshire,"Clinton, Hillary",democrat,348526,744296,"Trump, Donald J.",republican,345790,2736,0.003675956877371378
2016,New Hampshire,"Clinton, Hillary",democrat,348526,744296,"Trump, Donald J.",republican,345790,2736,0.003675956877371378
2000,New Jersey,"Gore, Al",democrat,1788850,3187226,"Bush, George W.",republican,1284173,504677,0.15834365056007954
2000,New Jersey,"Gore, Al",democrat,1788850,3187226,"Bush, George W.",republican,1284173,504677,0.15834365056007954
2004,New Jersey,"Kerry, John",democrat,1911430,3611691,"Bush, George W.",republican,1670003,241427,0.06684597325740216
2004,New Jersey,"Kerry, John",democrat,1911430,3611691,"Bush, George W.",republican,1670003,241427,0.06684597325740216
2008,New Jersey,"Obama, Barack H.",democrat,2215422,3868237,"McCain, John",republican,1613207,602215,0.15568203292611082
2008,New Jersey,"Obama, Barack H.",democrat,2215422,3868237,"McCain, John",republican,1613207,602215,0.15568203292611082
2012,New Jersey,"Obama, Barack H.",democrat,2122786,3638499,"Romney, Mitt",republican,1478088,644698,0.17718790083493224
2012,New Jersey,"Obama, Barack H.",democrat,2122786,3638499,"Romney, Mitt",republican,1478088,644698,0.17718790083493224
2016,New Jersey,"Clinton, Hillary",democrat,2148278,3874046,"Trump, Donald J.",republican,1601933,546345,0.14102697799664748
2016,New Jersey,"Clinton, Hillary",democrat,2148278,3874046,"Trump, Donald J.",republican,1601933,546345,0.14102697799664748
2000,New Mexico,"Gore, Al",democrat,286783,598605,"Bush, George W.",republican,286417,366,0.000611421555115621
2000,New Mexico,"Gore, Al",democrat,286783,598605,"Bush, George W.",republican,286417,366,0.000611421555115621
2004,New Mexico,"Bush, George W.",republican,376930,756304,"Kerry, John",democrat,370942,5988,0.007917451183651003
2004,New Mexico,"Bush, George W.",republican,376930,756304,"Kerry, John",democrat,370942,5988,0.007917451183651003
2008,New Mexico,"Obama, Barack H.",democrat,472422,830158,"McCain, John",republican,346832,125590,0.15128445428460613
2008,New Mexico,"Obama, Barack H.",democrat,472422,830158,"McCain, John",republican,346832,125590,0.15128445428460613
2012,New Mexico,"Obama, Barack H.",democrat,415335,783758,"Romney, Mitt",republican,335788,79547,0.10149433881376646
2012,New Mexico,"Obama, Barack H.",democrat,415335,783758,"Romney, Mitt",republican,335788,79547,0.10149433881376646
2016,New Mexico,"Clinton, Hillary",democrat,385234,798319,"Trump, Donald J.",republican,319667,65567,0.0821313284539138
2016,New Mexico,"Clinton, Hillary",democrat,385234,798319,"Trump, Donald J.",republican,319667,65567,0.0821313284539138
2000,New York,"Gore, Al",democrat,3942215,6960215,"Bush, George W.",republican,2258577,1683638,0.2418945391773099
2000,New York,"Gore, Al",democrat,3942215,6960215,"Bush, George W.",republican,2258577,1683638,0.2418945391773099
2004,New York,"Kerry, John",democrat,4180755,7448266,"Bush, George W.",republican,2806993,1373762,0.18444051273141965
2004,New York,"Kerry, John",democrat,4180755,7448266,"Bush, George W.",republican,2806993,1373762,0.18444051273141965
2008,New York,"Obama, Barack H.",democrat,4645332,7722019,"McCain, John",republican,2418323,2227009,0.2883972442958247
2008,New York,"Obama, Barack H.",democrat,4645332,7722019,"McCain, John",republican,2418323,2227009,0.2883972442958247
2012,New York,"Obama, Barack H.",democrat,4324228,7116784,"Romney, Mitt",republican,2223397,2100831,0.29519386846643086
2012,New York,"Obama, Barack H.",democrat,4324228,7116784,"Romney, Mitt",republican,2223397,2100831,0.29519386846643086
2016,New York,"Clinton, Hillary",democrat,4379789,7802084,"Trump, Donald J.",republican,2527142,1852647,0.23745540294106032
2016,New York,"Clinton, Hillary",democrat,4379789,7802084,"Trump, Donald J.",republican,2527142,1852647,0.23745540294106032
2000,North Carolina,"Bush, George W.",republican,1631163,2914990,"Gore, Al",democrat,1257692,373471,0.12812085118645344
2000,North Carolina,"Bush, George W.",republican,1631163,2914990,"Gore, Al",democrat,1257692,373471,0.12812085118645344
2004,North Carolina,"Bush, George W.",republican,1961166,3501007,"Kerry, John",democrat,1525849,435317,0.12434051117292821
2004,North Carolina,"Bush, George W.",republican,1961166,3501007,"Kerry, John",democrat,1525849,435317,0.12434051117292821
2008,North Carolina,"Obama, Barack H.",democrat,2142651,4310851,"McCain, John",republican,2128474,14177,0.003288677803988116
2008,North Carolina,"Obama, Barack H.",democrat,2142651,4310851,"McCain, John",republican,2128474,14177,0.003288677803988116
2012,North Carolina,"Romney, Mitt",republican,2270395,4505372,"Obama, Barack H.",democrat,2178391,92004,0.020420955250753936
2012,North Carolina,"Romney, Mitt",republican,2270395,4505372,"Obama, Barack H.",democrat,2178391,92004,0.020420955250753936
2016,North Carolina,"Trump, Donald J.",republican,2362631,4741564,"Clinton, Hillary",democrat,2189316,173315,0.036552285279709384
2016,North Carolina,"Trump, Donald J.",republican,2362631,4741564,"Clinton, Hillary",democrat,2189316,173315,0.036552285279709384
2000,North Dakota,"Bush, George W.",republican,174852,288256,"Gore, Al",democrat,95284,79568,0.2760324156305506
2000,North Dakota,"Bush, George W.",republican,174852,288256,"Gore, Al",democrat,95284,79568,0.2760324156305506
2004,North Dakota,"Bush, George W.",republican,196651,312833,"Kerry, John",democrat,111052,85599,0.27362522496028235
2004,North Dakota,"Bush, George W.",republican,196651,312833,"Kerry, John",democrat,111052,85599,0.27362522496028235
2008,North Dakota,"McCain, John",republican,168601,316621,"Obama, Barack H.",democrat,141278,27323,0.0862956026290107
2008,North Dakota,"McCain, John",republican,168601,316621,"Obama, Barack H.",democrat,141278,27323,0.0862956026290107
2012,North Dakota,"Romney, Mitt",republican,188320,322932,"Obama, Barack H.",democrat,124966,63354,0.196183716695775
2012,North Dakota,"Romney, Mitt",republican,188320,322932,"Obama, Barack H.",democrat,124966,63354,0.196183716695775
2016,North Dakota,"Trump, Donald J.",republican,216794,344360,"Clinton, Hillary",democrat,93758,123036,0.35728888372633294
2016,North Dakota,"Trump, Donald J.",republican,216794,344360,"Clinton, Hillary",democrat,93758,123036,0.35728888372633294
2000,Ohio,"Bush, George W.",republican,2350363,4701998,"Gore, Al",democrat,2183628,166735,0.03546045744808907
2000,Ohio,"Bush, George W.",republican,2350363,4701998,"Gore, Al",democrat,2183628,166735,0.03546045744808907
2004,Ohio,"Bush, George W.",republican,2859764,5627903,"Kerry, John",democrat,2741165,118599,0.021073390923759705
2004,Ohio,"Bush, George W.",republican,2859764,5627903,"Kerry, John",democrat,2741165,118599,0.021073390923759705
2008,Ohio,"Obama, Barack H.",democrat,2940044,5708350,"McCain, John",republican,2677820,262224,0.04593691697250518
2008,Ohio,"Obama, Barack H.",democrat,2940044,5708350,"McCain, John",republican,2677820,262224,0.04593691697250518
2012,Ohio,"Obama, Barack H.",democrat,2827621,5580822,"Romney, Mitt",republican,2661407,166214,0.029783067798972995
2012,Ohio,"Obama, Barack H.",democrat,2827621,5580822,"Romney, Mitt",republican,2661407,166214,0.029783067798972995
2016,Ohio,"Trump, Donald J.",republican,2841005,5496487,"Clinton, Hillary",democrat,2394164,446841,0.0812957439906617
2016,Ohio,"Trump, Donald J.",republican,2841005,5496487,"Clinton, Hillary",democrat,2394164,446841,0.0812957439906617
2000,Oklahoma,"Bush, George W.",republican,744337,1234229,"Gore, Al",democrat,474276,270061,0.21880947538908901
2000,Oklahoma,"Bush, George W.",republican,744337,1234229,"Gore, Al",democrat,474276,270061,0.21880947538908901
2004,Oklahoma,"Bush, George W.",republican,959792,1463758,"Kerry, John",democrat,503966,455826,0.31140803329512123
2004,Oklahoma,"Bush, George W.",republican,959792,1463758,"Kerry, John",democrat,503966,455826,0.31140803329512123
2008,Oklahoma,"McCain, John",republican,960165,1462661,"Obama, Barack H.",democrat,502496,457669,0.31290162245387004
2008,Oklahoma,"McCain, John",republican,960165,1462661,"Obama, Barack H.",democrat,502496,457669,0.31290162245387004
2012,Oklahoma,"Romney, Mitt",republican,891325,1334872,"Obama, Barack H.",democrat,443547,447778,0.33544639486033123
2012,Oklahoma,"Romney, Mitt",republican,891325,1334872,"Obama, Barack H.",democrat,443547,447778,0.33544639486033123
2016,Oklahoma,"Trump, Donald J.",republican,949136,1452992,"Clinton, Hillary",democrat,420375,528761,0.36391184535083465
2016,Oklahoma,"Trump, Donald J.",republican,949136,1452992,"Clinton, Hillary",democrat,420375,528761,0.36391184535083465
2000,Oregon,"Gore, Al",democrat,720342,1533950,"Bush, George W.",republican,713577,6765,0.004410182861240564
2000,Oregon,"Gore, Al",democrat,720342,1533950,"Bush, George W.",republican,713577,6765,0.004410182861240564
2004,Oregon,"Kerry, John",democrat,943163,1836782,"Bush, George W.",republican,866831,76332,0.0415574629977864
2004,Oregon,"Kerry, John",democrat,943163,1836782,"Bush, George W.",republican,866831,76332,0.0415574629977864
2008,Oregon,"Obama, Barack H.",democrat,1037291,1827864,"McCain, John",republican,738475,298816,0.16347824564628444
2008,Oregon,"Obama, Barack H.",democrat,1037291,1827864,"McCain, John",republican,738475,298816,0.16347824564628444
2012,Oregon,"Obama, Barack H.",democrat,970488,1789270,"Romney, Mitt",republican,754175,216313,0.12089455476255678
2012,Oregon,"Obama, Barack H.",democrat,970488,1789270,"Romney, Mitt",republican,754175,216313,0.12089455476255678
2016,Oregon,"Clinton, Hillary",democrat,1002106,2001336,"Trump, Donald J.",republican,782403,219703,0.10977816818365327
2016,Oregon,"Clinton, Hillary",democrat,1002106,2001336,"Trump, Donald J.",republican,782403,219703,0.10977816818365327
2000,Pennsylvania,"Gore, Al",democrat,2485967,4912185,"Bush, George W.",republican,2281127,204840,0.041700383841406674
2000,Pennsylvania,"Gore, Al",democrat,2485967,4912185,"Bush, George W.",republican,2281127,204840,0.041700383841406674
2004,Pennsylvania,"Kerry, John",democrat,2938095,5769590,"Bush, George W.",republican,2793847,144248,0.025001429910964212
2004,Pennsylvania,"Kerry, John",democrat,2938095,5769590,"Bush, George W.",republican,2793847,144248,0.025001429910964212
2008,Pennsylvania,"Obama, Barack H.",democrat,3276363,6013272,"McCain, John",republican,2655885,620478,0.10318475532122945
2008,Pennsylvania,"Obama, Barack H.",democrat,3276363,6013272,"McCain, John",republican,2655885,620478,0.10318475532122945
2012,Pennsylvania,"Obama, Barack H.",democrat,2990274,5742040,"Romney, Mitt",republican,2680434,309840,0.053959916684662546
2012,Pennsylvania,"Obama, Barack H.",democrat,2990274,5742040,"Romney, Mitt",republican,2680434,309840,0.053959916684662546
2016,Pennsylvania,"Trump, Donald J.",republican,2970733,6115402,"Clinton, Hillary",democrat,2926441,44292,0.007242696391831671
2016,Pennsylvania,"Trump, Donald J.",republican,2970733,6115402,"Clinton, Hillary",democrat,2926441,44292,0.007242696391831671
2000,Rhode Island,"Gore, Al",democrat,249508,409112,"Bush, George W.",republican,130555,118953,0.2907590097577191
2000,Rhode Island,"Gore, Al",democrat,249508,409112,"Bush, George W.",republican,130555,118953,0.2907590097577191
2004,Rhode Island,"Kerry, John",democrat,259760,437134,"Bush, George W.",republican,169046,90714,0.20751989092589457
2004,Rhode Island,"Kerry, John",democrat,259760,437134,"Bush, George W.",republican,169046,90714,0.20751989092589457
2008,Rhode Island,"Obama, Barack H.",democrat,296571,471766,"McCain, John",republican,165391,131180,0.27806158137720816
2008,Rhode Island,"Obama, Barack H.",democrat,296571,471766,"McCain, John",republican,165391,131180,0.27806158137720816
2012,Rhode Island,"Obama, Barack H.",democrat,279677,446049,"Romney, Mitt",republican,157204,122473,0.27457297292449934
2012,Rhode Island,"Obama, Barack H.",democrat,279677,446049,"Romney, Mitt",republican,157204,122473,0.27457297292449934
2016,Rhode Island,"Clinton, Hillary",democrat,252525,464144,"Trump, Donald J.",republican,180543,71982,0.15508549070977978
2016,Rhode Island,"Clinton, Hillary",democrat,252525,464144,"Trump, Donald J.",republican,180543,71982,0.15508549070977978
2000,South Carolina,"Bush, George W.",republican,786892,1383902,"Gore, Al",democrat,566037,220855,0.15958861248845657
2000,South Carolina,"Bush, George W.",republican,786892,1383902,"Gore, Al",democrat,566037,220855,0.15958861248845657
2004,South Carolina,"Bush, George W.",republican,937974,1617700,"Kerry, John",democrat,661669,276305,0.1708011374173209
2004,South Carolina,"Bush, George W.",republican,937974,1617700,"Kerry, John",democrat,661669,276305,0.1708011374173209
2008,South Carolina,"McCain, John",republican,1034896,1920969,"Obama, Barack H.",democrat,862449,172447,0.08977083961271626
2008,South Carolina,"McCain, John",republican,1034896,1920969,"Obama, Barack H.",democrat,862449,172447,0.08977083961271626
2012,South Carolina,"Romney, Mitt",republican,1071645,1964118,"Obama, Barack H.",democrat,865941,205704,0.10473097848499935
2012,South Carolina,"Romney, Mitt",republican,1071645,1964118,"Obama, Barack H.",democrat,865941,205704,0.10473097848499935
2016,South Carolina,"Trump, Donald J.",republican,1155389,2103027,"Clinton, Hillary",democrat,855373,300016,0.14265912896030342
2016,South Carolina,"Trump, Donald J.",republican,1155389,2103027,"Clinton, Hillary",democrat,855373,300016,0.14265912896030342
2000,South Dakota,"Bush, George W.",republican,190700,316269,"Gore, Al",democrat,118804,71896,0.2273254729360133
2000,South Dakota,"Bush, George W.",republican,190700,316269,"Gore, Al",democrat,118804,71896,0.2273254729360133
2004,South Dakota,"Bush, George W.",republican,232584,388215,"Kerry, John",democrat,149244,83340,0.21467485800394115
2004,South Dakota,"Bush, George W.",republican,232584,388215,"Kerry, John",democrat,149244,83340,0.21467485800394115
2008,South Dakota,"McCain, John",republican,203054,381975,"Obama, Barack H.",democrat,170924,32130,0.08411545258197528
2008,South Dakota,"McCain, John",republican,203054,381975,"Obama, Barack H.",democrat,170924,32130,0.08411545258197528
2012,South Dakota,"Romney, Mitt",republican,210610,363815,"Obama, Barack H.",democrat,145039,65571,0.1802317111718868
2012,South Dakota,"Romney, Mitt",republican,210610,363815,"Obama, Barack H.",democrat,145039,65571,0.1802317111718868
2016,South Dakota,"Trump, Donald J.",republican,227721,370093,"Clinton, Hillary",democrat,117458,110263,0.2979332221900981
2016,South Dakota,"Trump, Donald J.",republican,227721,370093,"Clinton, Hillary",democrat,117458,110263,0.2979332221900981
2000,Tennessee,"Bush, George W.",republican,1061949,2076181,"Gore, Al",democrat,981720,80229,0.03864258463014547
2000,Tennessee,"Bush, George W.",republican,1061949,2076181,"Gore, Al",democrat,981720,80229,0.03864258463014547
2004,Tennessee,"Bush, George W.",republican,1384375,2437319,"Kerry, John",democrat,1036477,347898,0.1427379838256707
2004,Tennessee,"Bush, George W.",republican,1384375,2437319,"Kerry, John",democrat,1036477,347898,0.1427379838256707
2008,Tennessee,"McCain, John",republican,1479178,2599749,"Obama, Barack H.",democrat,1087437,391741,0.15068416220181252
2008,Tennessee,"McCain, John",republican,1479178,2599749,"Obama, Barack H.",democrat,1087437,391741,0.15068416220181252
2012,Tennessee,"Romney, Mitt",republican,1462330,2458577,"Obama, Barack H.",democrat,960709,501621,0.20402899726142393
2012,Tennessee,"Romney, Mitt",republican,1462330,2458577,"Obama, Barack H.",democrat,960709,501621,0.20402899726142393
2016,Tennessee,"Trump, Donald J.",republican,1522925,2508027,"Clinton, Hillary",democrat,870695,652230,0.2600570089556452
2016,Tennessee,"Trump, Donald J.",republican,1522925,2508027,"Clinton, Hillary",democrat,870695,652230,0.2600570089556452
2000,Texas,"Bush, George W.",republican,3799639,6407637,"Gore, Al",democrat,2433746,1365893,0.21316641376532408
2000,Texas,"Bush, George W.",republican,3799639,6407637,"Gore, Al",democrat,2433746,1365893,0.21316641376532408
2004,Texas,"Bush, George W.",republican,4526917,7410749,"Kerry, John",democrat,2832704,1694213,0.22861562306320188
2004,Texas,"Bush, George W.",republican,4526917,7410749,"Kerry, John",democrat,2832704,1694213,0.22861562306320188
2008,Texas,"McCain, John",republican,4479328,8077795,"Obama, Barack H.",democrat,3528633,950695,0.11769239006436782
2008,Texas,"McCain, John",republican,4479328,8077795,"Obama, Barack H.",democrat,3528633,950695,0.11769239006436782
2012,Texas,"Romney, Mitt",republican,4569843,7993851,"Obama, Barack H.",democrat,3308124,1261719,0.15783619184295533
2012,Texas,"Romney, Mitt",republican,4569843,7993851,"Obama, Barack H.",democrat,3308124,1261719,0.15783619184295533
2016,Texas,"Trump, Donald J.",republican,4685047,8969226,"Clinton, Hillary",democrat,3877868,807179,0.08999427598323423
2016,Texas,"Trump, Donald J.",republican,4685047,8969226,"Clinton, Hillary",democrat,3877868,807179,0.08999427598323423
2000,Utah,"Bush, George W.",republican,515096,770754,"Gore, Al",democrat,203053,312043,0.4048542076979166
2000,Utah,"Bush, George W.",republican,515096,770754,"Gore, Al",democrat,203053,312043,0.4048542076979166
2004,Utah,"Bush, George W.",republican,663742,927844,"Kerry, John",democrat,241199,422543,0.45540306344601034
2004,Utah,"Bush, George W.",republican,663742,927844,"Kerry, John",democrat,241199,422543,0.45540306344601034
2008,Utah,"McCain, John",republican,596030,952370,"Obama, Barack H.",democrat,327670,268360,0.28178124048426556
2008,Utah,"McCain, John",republican,596030,952370,"Obama, Barack H.",democrat,327670,268360,0.28178124048426556
2012,Utah,"Romney, Mitt",republican,740600,1017440,"Obama, Barack H.",democrat,251813,488787,0.4804086727472873
2012,Utah,"Romney, Mitt",republican,740600,1017440,"Obama, Barack H.",democrat,251813,488787,0.4804086727472873
2016,Utah,"Trump, Donald J.",republican,515211,1131317,"Clinton, Hillary",democrat,310674,204537,0.18079547995831408
2016,Utah,"Trump, Donald J.",republican,515211,1131317,"Clinton, Hillary",democrat,310674,204537,0.18079547995831408
2000,Vermont,"Gore, Al",democrat,149022,294308,"Bush, George W.",republican,119775,29247,0.09937548418663444
2000,Vermont,"Gore, Al",democrat,149022,294308,"Bush, George W.",republican,119775,29247,0.09937548418663444
2004,Vermont,"Kerry, John",democrat,184067,312309,"Bush, George W.",republican,121180,62887,0.20136147213176697
2004,Vermont,"Kerry, John",democrat,184067,312309,"Bush, George W.",republican,121180,62887,0.20136147213176697
2008,Vermont,"Obama, Barack H.",democrat,219262,325046,"McCain, John",republican,98974,120288,0.37006454471059486
2008,Vermont,"Obama, Barack H.",democrat,219262,325046,"McCain, John",republican,98974,120288,0.37006454471059486
2012,Vermont,"Obama, Barack H.",democrat,199239,299290,"Romney, Mitt",republican,92698,106541,0.35597915065655383
2012,Vermont,"Obama, Barack H.",democrat,199239,299290,"Romney, Mitt",republican,92698,106541,0.35597915065655383
2016,Vermont,"Clinton, Hillary",democrat,178573,320467,"Trump, Donald J.",republican,95369,83204,0.2596335972190584
2016,Vermont,"Clinton, Hillary",democrat,178573,320467,"Trump, Donald J.",republican,95369,83204,0.2596335972190584
2000,Virginia,"Bush, George W.",republican,1437490,2739447,"Gore, Al",democrat,1217290,220200,0.08038118642193115
2000,Virginia,"Bush, George W.",republican,1437490,2739447,"Gore, Al",democrat,1217290,220200,0.08038118642193115
2004,Virginia,"Bush, George W.",republican,1716959,3195415,"Kerry, John",democrat,1454742,262217,0.08206038965204837
2004,Virginia,"Bush, George W.",republican,1716959,3195415,"Kerry, John",democrat,1454742,262217,0.08206038965204837
2008,Virginia,"Obama, Barack H.",democrat,1959532,3723260,"McCain, John",republican,1725005,234527,0.06298969182920344
2008,Virginia,"Obama, Barack H.",democrat,1959532,3723260,"McCain, John",republican,1725005,234527,0.06298969182920344
2012,Virginia,"Obama, Barack H.",democrat,1971820,3854489,"Romney, Mitt",republican,1822522,149298,0.038733538998295236
2012,Virginia,"Obama, Barack H.",democrat,1971820,3854489,"Romney, Mitt",republican,1822522,149298,0.038733538998295236
2016,Virginia,"Clinton, Hillary",democrat,1981473,3982752,"Trump, Donald J.",republican,1769443,212030,0.053237058194936515
2016,Virginia,"Clinton, Hillary",democrat,1981473,3982752,"Trump, Donald J.",republican,1769443,212030,0.053237058194936515
2000,Washington,"Gore, Al",democrat,1247652,2487433,"Bush, George W.",republican,1108864,138788,0.05579567369251759
2000,Washington,"Gore, Al",democrat,1247652,2487433,"Bush, George W.",republican,1108864,138788,0.05579567369251759
2004,Washington,"Kerry, John",democrat,1510201,2859084,"Bush, George W.",republican,1304894,205307,0.07180866319422585
2004,Washington,"Kerry, John",democrat,1510201,2859084,"Bush, George W.",republican,1304894,205307,0.07180866319422585
2008,Washington,"Obama, Barack H.",democrat,1750848,3036878,"McCain, John",republican,1229216,521632,0.1717658727153346
2008,Washington,"Obama, Barack H.",democrat,1750848,3036878,"McCain, John",republican,1229216,521632,0.1717658727153346
2012,Washington,"Obama, Barack H.",democrat,1755396,3125516,"Mitt, Romney",republican,1290670,464726,0.14868776867563632
2012,Washington,"Obama, Barack H.",democrat,1755396,3125516,"Mitt, Romney",republican,1290670,464726,0.14868776867563632
2016,Washington,"Clinton, Hillary",democrat,1742718,3317019,"Trump, Donald J.",republican,1221747,520971,0.1570599987518913
2016,Washington,"Clinton, Hillary",democrat,1742718,3317019,"Trump, Donald J.",republican,1221747,520971,0.1570599987518913
2000,West Virginia,"Bush, George W.",republican,336475,648124,"Gore, Al",democrat,295497,40978,0.0632255556035573
2000,West Virginia,"Bush, George W.",republican,336475,648124,"Gore, Al",democrat,295497,40978,0.0632255556035573
2004,West Virginia,"Bush, George W.",republican,423778,755792,"Kerry, John",democrat,326541,97237,0.1286557677244533
2004,West Virginia,"Bush, George W.",republican,423778,755792,"Kerry, John",democrat,326541,97237,0.1286557677244533
2008,West Virginia,"McCain, John",republican,397466,713451,"Obama, Barack H.",democrat,303857,93609,0.1312059272465803
2008,West Virginia,"McCain, John",republican,397466,713451,"Obama, Barack H.",democrat,303857,93609,0.1312059272465803
2012,West Virginia,"Romney, Mitt",republican,417655,670438,"Obama, Barack H.",democrat,238269,179386,0.2675653826304595
2012,West Virginia,"Romney, Mitt",republican,417655,670438,"Obama, Barack H.",democrat,238269,179386,0.2675653826304595
2016,West Virginia,"Trump, Donald J.",republican,489371,713051,"Clinton, Hillary",democrat,188794,300577,0.42153646793847843
2016,West Virginia,"Trump, Donald J.",republican,489371,713051,"Clinton, Hillary",democrat,188794,300577,0.42153646793847843
2000,Wisconsin,"Gore, Al",democrat,1242987,2598607,"Bush, George W.",republican,1237279,5708,0.0021965614654312904
2000,Wisconsin,"Gore, Al",democrat,1242987,2598607,"Bush, George W.",republican,1237279,5708,0.0021965614654312904
2004,Wisconsin,"Kerry, John",democrat,1489504,2997007,"Bush, George W.",republican,1478120,11384,0.0037984562598619154
2004,Wisconsin,"Kerry, John",democrat,1489504,2997007,"Bush, George W.",republican,1478120,11384,0.0037984562598619154
2008,Wisconsin,"Obama, Barack H.",democrat,1677211,2983417,"McCain, John",republican,1262393,414818,0.13904124029594256
2008,Wisconsin,"Obama, Barack H.",democrat,1677211,2983417,"McCain, John",republican,1262393,414818,0.13904124029594256
2012,Wisconsin,"Obama, Barack H.",democrat,1620985,3071434,"Romney, Mitt",republican,1410966,210019,0.06837815821534832
2012,Wisconsin,"Obama, Barack H.",democrat,1620985,3071434,"Romney, Mitt",republican,1410966,210019,0.06837815821534832
2016,Wisconsin,"Trump, Donald J.",republican,1405284,2976150,"Clinton, Hillary",democrat,1382536,22748,0.007643431950674573
2016,Wisconsin,"Trump, Donald J.",republican,1405284,2976150,"Clinton, Hillary",democrat,1382536,22748,0.007643431950674573
2000,Wyoming,"Bush, George W.",republican,147947,213726,"Gore, Al",democrat,60481,87466,0.40924361097854256
2000,Wyoming,"Bush, George W.",republican,147947,213726,"Gore, Al",democrat,60481,87466,0.40924361097854256
2004,Wyoming,"Bush, George W.",republican,167629,243861,"Kerry, John",democrat,70776,96853,0.3971647782958324
2004,Wyoming,"Bush, George W.",republican,167629,243861,"Kerry, John",democrat,70776,96853,0.3971647782958324
2008,Wyoming,"McCain, John",republican,164958,254904,"Obama, Barack H.",democrat,82868,82090,0.3220428082729185
2008,Wyoming,"McCain, John",republican,164958,254904,"Obama, Barack H.",democrat,82868,82090,0.3220428082729185
2012,Wyoming,"Romney, Mitt",republican,170962,250701,"Obama, Barack H.",democrat,69286,101676,0.40556679071882445
2012,Wyoming,"Romney, Mitt",republican,170962,250701,"Obama, Barack H.",democrat,69286,101676,0.40556679071882445
2016,Wyoming,"Trump, Donald J.",republican,174419,258788,"Clinton, Hillary",democrat,55973,118446,0.4576951017821538
2016,Wyoming,"Trump, Donald J.",republican,174419,258788,"Clinton, Hillary",democrat,55973,118446,0.4576951017821538
